alias,team
1A,
2A,
1B,
2B,
1C,
2C,
1D,
2D,
1E,
2E,
1F,
2F,
1G,
2G,
1H,
2H,
1I,
2I,
1J,
2J,
1K,
2K,
1L,
2L,
3ABCDF,
3CDFGH,
3CEFHI,
3EHIJK,
3AEHIJ,
3BEFIJ,
3EFGIJ,
3DEIJL,
1C2F,
2E2I,
2A2B,
1E3ABCDF,
1F2C,
1I3CDFGH,
1A3CEFHI,
1L3EHIJK,
1H2J,
2K2L,
1G3AEHIJ,
1D3BEFIJ,
2D2G,
1K3DEIJL,
1B3EFGIJ,
1J2H,
1C2F2E2I,
2A2B1E3ABCDF,
1H2J2K2L,
1G3AEHIJ1D3BEFIJ,
1F2C1I3CDFGH,
1A3CEFHI1L3EHIJK,
2D2G1K3DEIJL,
1B3EFGIJ1J2H,
1C2F2E2I2A2B1E3ABCDF,
1H2J2K2L1G3AEHIJ1D3BEFIJ,
1F2C1I3CDFGH1A3CEFHI1L3EHIJK,
2D2G1K3DEIJL1B3EFGIJ1J2H,
1C2F2E2I2A2B1E3ABCDF1H2J2K2L1G3AEHIJ1D3BEFIJ,
1F2C1I3CDFGH1A3CEFHI1L3EHIJK2D2G1K3DEIJL1B3EFGIJ1J2H,
1C2F2E2I2A2B1E3ABCDF1H2J2K2L1G3AEHIJ1D3BEFIJ1F2C1I3CDFGH1A3CEFHI1L3EHIJK2D2G1K3DEIJL1B3EFGIJ1J2H,
